Date,Open,High,Low,Close,Adj Close,Volume
May 21 2025,6.66,6.69,6.64,6.65,6.65,47834101
May 19 2025,6.66,6.71,6.62,6.65,6.65,81465439
May 12 2025,6.65,6.77,6.58,6.68,6.68,278852879
May 5 2025,6.49,6.70,6.47,6.66,6.66,283980492
Apr 28 2025,6.72,6.83,6.44,6.49,6.49,239727184
Apr 21 2025,6.77,6.84,6.71,6.72,6.72,243036686
Apr 14 2025,6.62,6.85,6.57,6.77,6.77,379894841
Apr 7 2025,6.50,6.76,6.30,6.65,6.65,684180376
Mar 31 2025,6.56,6.64,6.46,6.63,6.63,251153584
Mar 24 2025,6.46,6.62,6.40,6.56,6.56,341753138
Mar 17 2025,6.53,6.55,6.40,6.46,6.46,385576801
Mar 10 2025,6.50,6.55,6.47,6.52,6.52,297275421
Mar 3 2025,6.73,6.77,6.50,6.51,6.51,289566001
Feb 24 2025,6.75,6.80,6.61,6.70,6.70,313296011
Feb 17 2025,6.77,6.98,6.73,6.76,6.76,491126919
Feb 10 2025,6.56,6.80,6.55,6.79,6.79,429570186
Feb 3 2025,6.65,6.65,6.46,6.60,6.60,277629695
Jan 27 2025,6.45,6.70,6.45,6.65,6.65,181453801
Jan 20 2025,6.37,6.46,6.21,6.43,6.43,517289880
Jan 13 2025,6.21,6.43,6.15,6.35,6.35,604035590
Jan 6 2025,6.66,6.70,6.22,6.24,6.24,525464699
Dec 30 2024,6.79,6.87,6.57,6.68,6.68,458788994
Dec 23 2024,6.83,6.92,6.74,6.80,6.80,604101160
Dec 16 2024,6.87,7.00,6.82,6.83,6.83,446213988
Dec 9 2024,6.93,7.02,6.84,6.88,6.88,403964086
Dec 2 2024,6.82,6.95,6.78,6.94,6.94,344719728
Nov 25 2024,6.68,6.85,6.64,6.81,6.81,306620478
Nov 18 2024,6.84,6.99,6.66,6.67,6.67,446581229
Nov 11 2024,6.71,6.85,6.62,6.80,6.80,447769610
Nov 4 2024,6.58,6.82,6.52,6.75,6.75,444944012
Oct 28 2024,6.58,6.59,6.38,6.58,6.58,482799578
Oct 21 2024,6.76,6.84,6.54,6.58,6.45,480175248
Oct 14 2024,6.64,6.79,6.59,6.75,6.62,504071071
Oct 7 2024,7.48,7.52,6.53,6.63,6.50,875514949
Sep 30 2024,6.64,6.88,6.57,6.86,6.73,329626188
Sep 23 2024,6.01,6.61,6.01,6.51,6.39,525544178
Sep 16 2024,5.92,6.06,5.89,6.02,5.91,177371423
Sep 9 2024,6.15,6.16,5.84,5.92,5.81,356246688
Sep 2 2024,6.10,6.26,6.07,6.15,6.03,421717901
Aug 26 2024,6.81,6.82,6.06,6.11,5.99,634308493
Aug 19 2024,6.87,6.92,6.75,6.82,6.69,243075500
Aug 12 2024,6.82,6.91,6.78,6.87,6.74,209575937
Aug 5 2024,6.97,7.00,6.85,6.86,6.73,296396825
Jul 29 2024,6.95,7.10,6.93,6.98,6.85,401269720
Jul 22 2024,6.96,7.03,6.90,6.95,6.82,362889934
Jul 15 2024,6.75,6.99,6.71,6.96,6.83,327661239
Jul 8 2024,7.20,7.25,6.73,6.75,6.27,400092638
Jul 1 2024,7.16,7.32,7.15,7.25,6.73,381865927
Jun 24 2024,7.08,7.17,7.02,7.16,6.65,363211044
Jun 17 2024,7.17,7.19,7.06,7.09,6.58,348133035
Jun 10 2024,7.23,7.26,7.12,7.17,6.66,351968833
Jun 3 2024,7.07,7.24,7.03,7.23,6.71,420229521
May 27 2024,7.08,7.13,7.06,7.07,6.56,313969852
May 20 2024,7.10,7.13,7.05,7.08,6.57,386561337
May 13 2024,7.07,7.16,7.04,7.10,6.59,446394628
May 6 2024,6.95,7.09,6.91,7.07,6.56,712062282
Apr 29 2024,7.25,7.27,6.92,6.92,6.43,711028706
Apr 22 2024,7.59,7.65,7.40,7.44,6.91,488370258
Apr 15 2024,7.52,7.70,7.47,7.61,7.07,606303970
Apr 8 2024,7.41,7.55,7.36,7.51,6.97,446664494
Apr 1 2024,7.34,7.44,7.34,7.41,6.88,219021062
Mar 25 2024,7.30,7.37,7.26,7.36,6.83,374678384
Mar 18 2024,7.32,7.38,7.26,7.31,6.79,354044837
Mar 11 2024,7.42,7.45,7.23,7.33,6.81,558234294
Mar 4 2024,7.43,7.54,7.39,7.44,6.91,756436488
Feb 26 2024,7.68,7.69,7.40,7.44,6.91,943220890
Feb 19 2024,7.42,7.82,7.33,7.67,7.12,992073910
Feb 5 2024,7.46,7.62,7.32,7.43,6.90,1128092708
Jan 29 2024,7.46,7.56,7.36,7.46,6.93,811848938
Jan 22 2024,7.29,7.48,7.11,7.47,6.94,495178934
Jan 15 2024,7.35,7.44,7.18,7.31,6.79,408434485
Jan 8 2024,7.37,7.43,7.28,7.36,6.83,481161106
Jan 1 2024,7.21,7.41,7.19,7.37,6.84,427632232
Dec 25 2023,7.22,7.28,7.15,7.21,6.69,334991195
Dec 18 2023,7.19,7.30,7.15,7.23,6.71,291528173
Dec 11 2023,7.31,7.37,7.17,7.19,6.68,344687837
Dec 4 2023,7.30,7.34,7.16,7.33,6.81,297097709
Nov 27 2023,7.13,7.34,7.09,7.30,6.78,226458620
Nov 20 2023,7.04,7.16,7.02,7.15,6.64,164923041
Nov 13 2023,7.11,7.13,7.04,7.04,6.54,182729486
Nov 6 2023,7.17,7.19,7.08,7.12,6.61,179209593
Oct 30 2023,7.20,7.28,7.12,7.17,6.66,211707292
Oct 23 2023,7.08,7.32,7.06,7.20,6.69,247543165
Oct 16 2023,7.30,7.34,7.07,7.08,6.57,212802620
Oct 9 2023,7.28,7.32,7.19,7.29,6.77,209895008
Oct 2 2023,7.29,7.29,7.29,7.29,6.77,-
Sep 25 2023,7.29,7.38,7.25,7.29,6.77,185907604
Sep 18 2023,7.30,7.36,7.22,7.28,6.76,233551873
Sep 11 2023,7.22,7.42,7.21,7.30,6.78,262950388
Sep 4 2023,7.16,7.29,7.15,7.22,6.70,163266867
Aug 28 2023,7.44,7.48,7.12,7.16,6.65,291104482
Aug 21 2023,7.29,7.41,7.23,7.31,6.79,304266169
Aug 14 2023,7.03,7.31,6.98,7.28,6.76,222838851
Aug 7 2023,7.10,7.16,7.03,7.05,6.55,115373129
Jul 31 2023,7.23,7.28,7.09,7.10,6.59,162035059
Jul 24 2023,7.18,7.25,7.09,7.22,6.70,164515285
Jul 17 2023,7.10,7.27,7.06,7.18,6.67,147150585
Jul 10 2023,7.57,7.63,6.99,7.10,6.17,166793941
Jul 3 2023,7.43,7.62,7.38,7.56,6.57,125625042
Jun 26 2023,7.36,7.52,7.20,7.43,6.45,153097295
Jun 19 2023,7.43,7.44,7.31,7.36,6.39,100677011
Jun 12 2023,7.75,7.76,7.42,7.43,6.45,150757616
Jun 5 2023,7.47,7.76,7.40,7.74,6.72,172297451
May 29 2023,7.56,7.79,7.42,7.45,6.47,217178234
May 22 2023,7.60,7.68,7.33,7.59,6.59,180824839
May 15 2023,7.74,7.86,7.56,7.64,6.64,245009060
May 8 2023,7.92,8.21,7.63,7.74,6.72,460842527
May 1 2023,7.70,8.05,7.65,7.92,6.88,187678002
Apr 24 2023,7.59,7.77,7.50,7.70,6.69,176046043
Apr 17 2023,7.45,7.75,7.42,7.56,6.57,177483050
Apr 10 2023,7.20,7.48,7.07,7.45,6.47,177572791
Apr 3 2023,7.20,7.32,7.14,7.17,6.23,108043840
Mar 27 2023,7.30,7.30,7.12,7.19,6.25,125902465
Mar 20 2023,7.38,7.54,7.22,7.28,6.32,205667947
Mar 13 2023,7.15,7.43,7.13,7.36,6.39,217731474
Mar 6 2023,7.06,7.39,7.05,7.11,6.18,285334955
Feb 27 2023,6.77,7.08,6.76,7.06,6.13,173805450
Feb 20 2023,6.67,6.83,6.65,6.77,5.88,101340547
Feb 13 2023,6.71,6.73,6.63,6.65,5.78,114116436
Feb 6 2023,6.64,6.72,6.61,6.69,5.81,93533700
Jan 30 2023,6.72,6.74,6.64,6.65,5.78,130177499
Jan 23 2023,6.70,6.70,6.70,6.70,5.82,-
Jan 16 2023,6.69,6.71,6.62,6.70,5.82,104654125
Jan 9 2023,6.58,6.69,6.52,6.68,5.80,153341041
Jan 2 2023,6.68,6.74,6.55,6.58,5.72,135288864
Dec 26 2022,6.57,6.69,6.52,6.68,5.80,93624763
Dec 19 2022,6.73,6.73,6.51,6.57,5.71,112835299
Dec 12 2022,6.72,6.80,6.60,6.73,5.85,139599397
Dec 5 2022,6.83,6.95,6.67,6.76,5.87,172378620
Nov 28 2022,6.78,6.89,6.66,6.77,5.88,139014737
Nov 21 2022,6.48,6.82,6.41,6.80,5.91,183732664
Nov 14 2022,6.61,6.68,6.48,6.48,5.63,159417332
Nov 7 2022,6.60,6.66,6.48,6.62,5.75,121519303
Oct 31 2022,6.50,6.65,6.36,6.61,5.74,163546230
Oct 24 2022,6.90,6.90,6.48,6.50,5.65,202614787
Oct 17 2022,6.70,7.05,6.69,6.86,5.96,216180539
Oct 10 2022,6.70,6.82,6.66,6.69,5.81,170391215
Oct 3 2022,6.77,6.77,6.77,6.77,5.88,-
Sep 26 2022,6.74,6.82,6.56,6.77,5.88,169799577
Sep 19 2022,6.65,6.87,6.57,6.77,5.88,193525390
Sep 12 2022,6.68,6.85,6.63,6.67,5.79,208365123
Sep 5 2022,6.51,6.71,6.48,6.68,5.80,178390546
Aug 29 2022,6.34,6.58,6.32,6.50,5.65,190092831
Aug 22 2022,6.26,6.39,6.24,6.36,5.52,133053466
Aug 15 2022,6.20,6.31,6.18,6.26,5.44,93254142
Aug 8 2022,6.11,6.23,6.07,6.22,5.40,97541210
Aug 1 2022,6.04,6.12,5.95,6.11,5.31,134146562
Jul 25 2022,6.07,6.08,6.03,6.05,5.26,73121907
Jul 18 2022,6.05,6.08,6.02,6.05,5.26,71709439
Jul 11 2022,6.06,6.13,6.02,6.02,5.23,105886583
Jul 4 2022,6.62,6.71,6.05,6.06,4.88,249773843
Jun 27 2022,6.57,6.63,6.51,6.61,5.33,179225230
Jun 20 2022,6.64,6.66,6.54,6.56,5.29,138858815
Jun 13 2022,6.69,6.78,6.59,6.65,5.36,180619559
Jun 6 2022,6.66,6.75,6.57,6.71,5.41,178607221
May 30 2022,6.77,6.82,6.66,6.67,5.37,99854265
May 23 2022,6.57,6.78,6.54,6.76,5.45,153809959
May 16 2022,6.57,6.59,6.44,6.57,5.29,137334753
May 9 2022,6.50,6.59,6.46,6.58,5.30,158867055
May 2 2022,6.66,6.73,6.45,6.50,5.24,94760482
Apr 25 2022,6.98,7.08,6.59,6.66,5.37,300392863
Apr 18 2022,6.78,7.06,6.69,7.00,5.64,243384696
Apr 11 2022,6.90,7.01,6.72,6.76,5.45,264449537
Apr 4 2022,6.88,6.97,6.80,6.90,5.56,110615888
Mar 28 2022,6.59,6.92,6.52,6.88,5.54,213595577
Mar 21 2022,6.60,6.75,6.51,6.61,5.33,165020108
Mar 14 2022,6.72,6.89,6.28,6.66,5.37,349767374
Mar 7 2022,6.95,7.04,6.48,6.79,5.47,231992919
Feb 28 2022,6.84,7.03,6.74,7.00,5.64,281228994
Feb 21 2022,7.05,7.05,6.72,6.84,5.51,234179649
Feb 14 2022,7.10,7.16,6.87,7.05,5.68,302425861
Feb 7 2022,6.62,7.25,6.62,7.14,5.75,529142725
Jan 31 2022,6.61,6.61,6.61,6.61,5.33,-
Jan 24 2022,6.63,6.67,6.48,6.61,5.33,177522177
Jan 17 2022,6.45,6.69,6.43,6.65,5.36,202084973
Jan 10 2022,6.54,6.62,6.44,6.45,5.20,136523417
Jan 3 2022,6.40,6.55,6.38,6.51,5.25,143365305
Dec 27 2021,6.32,6.42,6.30,6.40,5.16,90996743
Dec 20 2021,6.34,6.44,6.31,6.33,5.10,115403833
Dec 13 2021,6.29,6.39,6.26,6.35,5.12,124579497
Dec 6 2021,6.21,6.36,6.19,6.21,5.00,182744526
Nov 29 2021,6.09,6.21,6.07,6.20,5.00,92491840
Nov 22 2021,6.20,6.21,6.11,6.12,4.93,82467856
Nov 15 2021,6.21,6.27,6.16,6.22,5.01,86785759
Nov 8 2021,6.24,6.29,6.11,6.22,5.01,125839600
Nov 1 2021,6.34,6.36,6.22,6.22,5.01,125522873
Oct 25 2021,6.46,6.47,6.27,6.35,5.12,142522051
Oct 18 2021,6.30,6.49,6.27,6.45,5.20,210576220
Oct 11 2021,6.30,6.37,6.23,6.30,5.08,145440332
Oct 4 2021,6.26,6.37,6.26,6.32,5.09,49571601
Sep 27 2021,6.26,6.35,6.21,6.26,5.04,122503728
Sep 20 2021,6.24,6.44,6.17,6.25,5.04,125265912
Sep 13 2021,6.41,6.48,6.20,6.24,5.03,241000898
Sep 6 2021,6.17,6.50,6.16,6.42,5.17,338785562
Aug 30 2021,6.03,6.25,6.00,6.17,4.97,235983252
Aug 23 2021,5.95,6.04,5.92,6.03,4.86,115722527
Aug 16 2021,5.89,5.99,5.88,5.95,4.79,117774386
Aug 9 2021,5.81,5.94,5.80,5.89,4.75,101698869
Aug 2 2021,5.88,5.92,5.81,5.84,4.71,124539342
Jul 26 2021,6.02,6.03,5.85,5.88,4.74,148223145
Jul 19 2021,6.04,6.07,6.01,6.02,4.85,110063734
Jul 12 2021,6.07,6.10,5.99,6.04,4.87,174598281
Jul 5 2021,6.60,6.66,6.02,6.04,4.51,222669933
Jun 28 2021,6.58,6.62,6.52,6.60,4.93,141210965
Jun 21 2021,6.53,6.58,6.46,6.58,4.92,147508580
Jun 14 2021,6.46,6.58,6.46,6.51,4.87,153160892
Jun 7 2021,6.84,6.87,6.46,6.46,4.83,339605363
May 31 2021,6.92,6.93,6.80,6.83,5.10,151396689
May 24 2021,6.93,6.98,6.90,6.93,5.18,130170528
May 17 2021,7.09,7.10,6.90,6.93,5.18,118923950
May 10 2021,6.94,7.11,6.94,7.09,5.30,190054948
May 3 2021,6.88,6.96,6.85,6.93,5.18,94796311
Apr 26 2021,6.76,6.95,6.66,6.88,5.14,166943375
Apr 19 2021,6.90,6.94,6.74,6.75,5.04,102956160
Apr 12 2021,6.90,7.00,6.83,6.91,5.16,100228788
Apr 5 2021,6.89,6.94,6.82,6.89,5.15,94683631
Mar 29 2021,6.88,7.05,6.87,6.89,5.15,147735117
Mar 22 2021,6.80,6.94,6.75,6.88,5.14,148586770
Mar 15 2021,6.91,7.08,6.75,6.83,5.10,220462574
Mar 8 2021,6.76,6.92,6.75,6.90,5.16,339998963
Mar 1 2021,6.54,6.82,6.50,6.76,5.05,240881895
Feb 22 2021,6.60,6.69,6.50,6.53,4.88,234714923
Feb 15 2021,6.55,6.62,6.51,6.59,4.93,75181684
Feb 8 2021,6.41,6.55,6.40,6.55,4.90,74053841
Feb 1 2021,6.38,6.43,6.35,6.41,4.79,116491440
Jan 25 2021,6.48,6.50,6.36,6.37,4.76,148417277
Jan 18 2021,6.67,6.67,6.46,6.48,4.84,153293031
Jan 11 2021,6.51,6.78,6.45,6.65,4.97,245918760
Jan 4 2021,6.44,6.56,6.41,6.53,4.88,208509456
Dec 28 2020,6.46,6.47,6.40,6.46,4.83,105727838
Dec 21 2020,6.59,6.60,6.39,6.46,4.83,133852569
Dec 14 2020,6.61,6.64,6.50,6.60,4.93,162423544
Dec 7 2020,6.85,6.92,6.67,6.77,5.06,240226434
Nov 30 2020,6.84,6.99,6.74,6.85,5.12,228646118
Nov 23 2020,6.63,6.86,6.56,6.85,5.12,255736838
Nov 16 2020,6.46,6.65,6.46,6.61,4.94,168253318
Nov 9 2020,6.49,6.55,6.43,6.45,4.82,122927567
Nov 2 2020,6.40,6.49,6.33,6.47,4.84,110382043
Oct 26 2020,6.50,6.51,6.37,6.41,4.79,80952753
Oct 19 2020,6.50,6.56,6.45,6.50,4.86,83662984
Oct 12 2020,6.45,6.53,6.44,6.50,4.86,100797752
Oct 5 2020,6.37,6.45,6.37,6.44,4.81,23483532
Sep 28 2020,6.35,6.40,6.33,6.37,4.76,47219104
Sep 21 2020,6.51,6.52,6.32,6.34,4.74,107609323
Sep 14 2020,6.53,6.53,6.42,6.51,4.87,140107214
Sep 7 2020,6.52,6.60,6.51,6.52,4.87,142035574
Aug 31 2020,6.62,6.66,6.50,6.52,4.87,133270706
Aug 24 2020,6.59,6.62,6.52,6.60,4.93,105280472
Aug 17 2020,6.64,6.74,6.56,6.59,4.93,153870949
Aug 10 2020,6.46,6.64,6.45,6.64,4.96,197238890
Aug 3 2020,6.50,6.61,6.44,6.46,4.83,191855487
Jul 27 2020,6.46,6.59,6.41,6.49,4.85,136823428
Jul 20 2020,6.58,6.72,6.41,6.44,4.81,252114368
Jul 13 2020,6.84,6.92,6.54,6.56,4.90,265997238
Jul 6 2020,6.76,7.19,6.74,6.86,5.13,343613406
Jun 29 2020,7.01,7.06,6.43,6.71,4.67,215135216
Jun 22 2020,7.13,7.14,7.02,7.07,4.92,63311374
Jun 15 2020,6.94,7.16,6.90,7.13,4.96,106116576
Jun 8 2020,6.98,7.08,6.93,6.94,4.83,114994398
Jun 1 2020,6.82,7.02,6.81,6.96,4.85,105847483
May 25 2020,6.75,6.89,6.73,6.82,4.75,117777859
May 18 2020,6.95,6.96,6.75,6.76,4.71,148677526
May 11 2020,6.95,7.03,6.91,6.92,4.82,146923709
May 4 2020,7.18,7.18,6.91,6.95,4.84,122764935
Apr 27 2020,6.82,7.30,6.70,7.18,5.00,152606430
Apr 20 2020,6.85,6.87,6.70,6.81,4.74,76405659
Apr 13 2020,6.86,6.89,6.79,6.85,4.77,70807106
Apr 6 2020,6.78,6.91,6.78,6.89,4.80,65310177
Mar 30 2020,6.81,6.87,6.69,6.78,4.72,94592133
Mar 23 2020,6.71,6.94,6.69,6.85,4.77,118738867
Mar 16 2020,7.05,7.12,6.70,6.79,4.73,171178622
Mar 9 2020,7.19,7.23,6.92,7.05,4.91,190832042
Mar 2 2020,7.08,7.40,7.08,7.28,5.07,188561057
Feb 24 2020,7.39,7.42,7.08,7.08,4.93,210585378
Feb 17 2020,7.29,7.44,7.27,7.42,5.17,131767302
Feb 10 2020,7.30,7.36,7.22,7.30,5.08,155814672
Feb 3 2020,7.05,7.80,7.05,7.37,5.13,237735294
Jan 27 2020,7.70,7.70,7.70,7.70,5.36,-
Jan 20 2020,7.92,8.02,7.67,7.70,5.36,121588600
Jan 13 2020,8.03,8.04,7.91,7.93,5.52,122621311
Jan 6 2020,8.13,8.17,8.04,8.10,5.64,140620007
Dec 30 2019,8.09,8.26,8.07,8.16,5.68,94431275
Dec 23 2019,8.20,8.21,8.04,8.10,5.64,75588458
Dec 16 2019,7.94,8.22,7.89,8.22,5.72,141201249
Dec 9 2019,7.87,7.94,7.73,7.93,5.52,100310092
Dec 2 2019,7.90,7.98,7.83,7.88,5.49,78470548
Nov 25 2019,7.85,7.96,7.82,7.93,5.52,138585582
Nov 18 2019,7.64,7.86,7.58,7.85,5.47,110053803
Nov 11 2019,7.74,7.78,7.62,7.63,5.31,77240189
Nov 4 2019,7.71,7.88,7.70,7.75,5.40,111750421
Oct 28 2019,7.63,7.75,7.59,7.73,5.38,123647091
Oct 21 2019,7.68,7.70,7.57,7.64,5.32,88430315
Oct 14 2019,7.66,7.74,7.64,7.70,5.36,90946079
Oct 7 2019,7.59,7.64,7.52,7.63,5.31,58939526
Sep 30 2019,7.57,7.63,7.57,7.59,5.28,12922722
Sep 23 2019,7.69,7.70,7.57,7.61,5.30,92209261
Sep 16 2019,7.82,7.83,7.62,7.69,5.35,116870316
Sep 9 2019,7.92,7.94,7.73,7.82,5.44,100179052
Sep 2 2019,7.74,7.92,7.70,7.88,5.49,133341132
Aug 26 2019,7.69,7.85,7.65,7.74,5.39,126068154
Aug 19 2019,7.52,7.82,7.52,7.77,5.41,99225895
Aug 12 2019,7.53,7.67,7.39,7.51,5.23,104363142
Aug 5 2019,7.80,7.82,7.38,7.60,5.29,146867211
Jul 29 2019,7.84,7.95,7.76,7.83,5.45,91589392
Jul 22 2019,7.80,7.91,7.72,7.85,5.47,109111802
Jul 15 2019,7.85,7.89,7.77,7.79,5.42,107697350
Jul 8 2019,8.06,8.08,7.83,7.85,5.47,146353132
Jul 1 2019,8.15,8.28,8.04,8.11,5.65,188172012
Jun 24 2019,8.76,8.85,8.02,8.09,5.32,240765147
Jun 17 2019,8.47,8.78,8.38,8.76,5.77,231374409
Jun 10 2019,8.42,8.53,8.36,8.48,5.58,204686435
Jun 3 2019,8.41,8.47,8.31,8.38,5.52,135972599
May 27 2019,8.22,8.52,8.17,8.36,5.50,167700007
May 20 2019,8.20,8.27,8.13,8.21,5.40,113799278
May 13 2019,8.16,8.29,8.10,8.20,5.40,142324040
May 6 2019,8.40,8.40,8.08,8.21,5.40,219816572
Apr 29 2019,8.25,8.53,8.22,8.52,5.61,84553982
Apr 22 2019,8.51,8.54,8.24,8.25,5.43,211873805
Apr 15 2019,8.46,8.55,8.36,8.48,5.58,194984754
Apr 8 2019,8.55,8.60,8.34,8.42,5.54,261520500
Apr 1 2019,8.37,8.58,8.35,8.53,5.61,236817050
Mar 25 2019,8.45,8.48,8.16,8.34,5.49,197908008
Mar 18 2019,8.46,8.61,8.40,8.51,5.60,241442826
Mar 11 2019,8.45,8.58,8.38,8.44,5.55,234646000
Mar 4 2019,8.91,9.03,8.45,8.45,5.56,324853893
Feb 25 2019,8.69,9.03,8.69,8.88,5.84,238363957
Feb 18 2019,8.50,8.80,8.48,8.71,5.73,165708751
Feb 11 2019,8.67,8.72,8.41,8.46,5.57,155142092
Feb 4 2019,8.70,8.70,8.70,8.70,5.73,-
Jan 28 2019,8.51,8.76,8.46,8.70,5.73,122253154
Jan 21 2019,8.38,8.55,8.24,8.48,5.58,120130149
Jan 14 2019,8.14,8.40,8.06,8.37,5.51,107061100
Jan 7 2019,8.05,8.30,8.00,8.16,5.37,146509847
Dec 31 2018,8.23,8.24,8.01,8.13,5.35,63890270
Dec 24 2018,8.00,8.25,7.96,8.23,5.42,127535979
Dec 17 2018,7.95,8.14,7.91,7.98,5.25,139534634
Dec 10 2018,7.89,8.03,7.88,7.96,5.24,98959370
Dec 3 2018,7.80,7.94,7.79,7.92,5.21,135586051
Nov 26 2018,7.74,7.76,7.60,7.71,5.07,111496460
Nov 19 2018,8.00,8.05,7.73,7.75,5.10,96009939
Nov 12 2018,8.01,8.12,7.99,8.00,5.27,106701421
Nov 5 2018,8.17,8.19,8.00,8.06,5.30,103541864
Oct 29 2018,8.06,8.22,7.90,8.20,5.40,185250499
Oct 22 2018,7.83,8.10,7.76,8.06,5.30,181501144
Oct 15 2018,7.66,7.85,7.51,7.81,5.14,155723428
Oct 8 2018,8.14,8.15,7.52,7.64,5.03,178143136
Oct 1 2018,8.23,8.23,8.23,8.23,5.42,-
Sep 24 2018,8.05,8.26,7.93,8.23,5.42,185868288
Sep 17 2018,7.93,8.30,7.87,8.05,5.30,283482834
Sep 10 2018,8.20,8.26,7.76,7.93,5.22,165102194
Sep 3 2018,8.58,8.58,8.11,8.23,5.42,156459034
Aug 27 2018,9.05,9.14,8.53,8.63,5.68,203747185
Aug 20 2018,8.75,9.04,8.65,9.01,5.93,120796786
Aug 13 2018,8.90,8.99,8.70,8.73,5.75,132238940
Aug 6 2018,8.71,9.04,8.57,8.97,5.90,135866419
Jul 30 2018,8.71,9.08,8.52,8.69,5.72,161172095
Jul 23 2018,8.84,9.05,8.72,8.74,5.75,150320608
Jul 16 2018,8.70,8.85,8.61,8.80,5.79,133528434
Jul 9 2018,8.26,8.72,8.23,8.70,5.73,131692024
Jul 2 2018,8.18,8.32,7.80,8.23,5.42,180585546
Jun 25 2018,9.22,9.33,8.04,8.21,5.12,246410289
Jun 18 2018,9.14,9.30,8.78,9.22,5.75,217132263
Jun 11 2018,8.64,9.26,8.64,9.14,5.70,259921423
Jun 4 2018,8.49,8.78,8.46,8.64,5.38,168340975
May 28 2018,8.37,8.54,8.26,8.44,5.26,166883817
May 21 2018,8.68,8.75,8.35,8.38,5.22,159072921
May 14 2018,8.83,8.87,8.48,8.64,5.38,199552011
May 7 2018,8.77,8.86,8.58,8.82,5.50,165733203
Apr 30 2018,8.29,8.75,8.29,8.72,5.43,148580543
Apr 23 2018,7.94,8.30,7.94,8.29,5.17,139424950
Apr 16 2018,8.06,8.10,7.84,7.94,4.95,165031098
Apr 9 2018,8.07,8.27,8.05,8.07,5.03,231772712
Apr 2 2018,8.28,8.34,8.07,8.08,5.04,93701412
Mar 26 2018,8.54,8.75,8.11,8.24,5.14,200904808
Mar 19 2018,8.96,8.96,8.32,8.67,5.40,176390755
Mar 12 2018,9.03,9.10,8.95,8.96,5.58,124611648
Mar 5 2018,9.12,9.23,8.90,9.00,5.61,161205546
Feb 26 2018,9.38,9.52,9.06,9.12,5.68,155206122
Feb 19 2018,9.10,9.41,9.10,9.38,5.85,69697676
Feb 12 2018,9.03,9.25,8.94,9.10,5.67,118627317
Feb 5 2018,9.63,10.08,8.53,9.14,5.70,523723708
Jan 29 2018,10.31,10.48,9.52,9.74,6.07,432745099
Jan 22 2018,9.92,10.28,9.83,10.22,6.37,514000010
Jan 15 2018,9.73,9.95,9.52,9.91,6.18,537542695
Jan 8 2018,9.43,10.05,9.38,9.75,6.08,502253352
Jan 1 2018,9.07,9.46,9.07,9.41,5.86,340563073
Dec 25 2017,8.90,9.17,8.83,9.07,5.65,207002791
Dec 18 2017,8.78,8.96,8.70,8.90,5.55,146829113
Dec 11 2017,8.93,8.96,8.74,8.78,5.47,146624965
Dec 4 2017,8.84,9.14,8.84,8.97,5.59,230728368
Nov 27 2017,8.94,9.04,8.79,8.86,5.52,229145089
Nov 20 2017,9.00,9.49,8.81,9.02,5.62,473881129
Nov 13 2017,8.84,9.06,8.70,9.03,5.63,253377249
Nov 6 2017,8.84,8.96,8.76,8.84,5.51,189925708
Oct 30 2017,9.18,9.21,8.72,8.84,5.51,276253902
Oct 23 2017,9.18,9.46,9.06,9.17,5.71,336857684
Oct 16 2017,8.97,9.24,8.91,9.17,5.71,202268056
Oct 9 2017,8.85,9.12,8.77,8.97,5.59,184846144
Oct 2 2017,8.75,8.75,8.75,8.75,5.45,-
Sep 25 2017,8.85,8.98,8.72,8.75,5.45,153476710
Sep 18 2017,8.86,8.93,8.75,8.85,5.52,155137683
Sep 11 2017,8.84,9.02,8.83,8.85,5.52,170939093
Sep 4 2017,9.04,9.13,8.81,8.84,5.51,172134989
Aug 28 2017,9.09,9.29,8.93,9.10,5.67,309117244
Aug 21 2017,9.30,9.45,8.88,9.05,5.64,206875156
Aug 14 2017,8.66,9.29,8.58,9.21,5.74,249235022
Aug 7 2017,8.74,8.84,8.51,8.68,5.41,214927907
Jul 31 2017,8.80,8.90,8.70,8.79,5.48,199009900
Jul 24 2017,9.05,9.18,8.75,8.79,5.48,223497421
Jul 17 2017,9.18,9.34,8.81,9.06,5.65,299579195
Jul 10 2017,8.86,9.11,8.77,9.04,5.63,188299412
Jul 3 2017,8.40,8.94,8.17,8.86,5.52,206116823
Jun 26 2017,8.25,8.45,8.11,8.39,5.07,211077725
Jun 19 2017,8.09,8.34,8.05,8.27,5.00,183239362
Jun 12 2017,8.36,8.48,8.01,8.10,4.90,160369148
Jun 5 2017,8.42,8.45,8.01,8.37,5.06,255684323
May 29 2017,8.46,8.59,8.27,8.42,5.09,153676777
May 22 2017,8.40,8.61,8.31,8.46,5.11,183089736
May 15 2017,8.13,8.48,8.08,8.40,5.08,147068272
May 8 2017,7.94,8.14,7.79,8.09,4.89,187777649
May 1 2017,7.80,8.02,7.77,7.97,4.82,133770953
Apr 24 2017,7.99,8.07,7.65,7.80,4.72,203758999
Apr 17 2017,7.78,8.05,7.63,8.00,4.84,265888016
Apr 10 2017,7.79,8.00,7.72,7.79,4.71,320200713
Apr 3 2017,7.57,7.78,7.57,7.71,4.66,176091993
Mar 27 2017,7.50,7.63,7.31,7.57,4.58,414897011
Mar 20 2017,6.92,7.17,6.91,7.15,4.32,320707958
Mar 13 2017,6.90,6.99,6.76,6.85,4.14,175792286
Mar 6 2017,6.92,6.96,6.87,6.90,4.17,92858871
Feb 27 2017,7.00,7.02,6.85,6.93,4.19,142416196
Feb 20 2017,6.99,7.11,6.96,7.02,4.24,177541856
Feb 13 2017,7.10,7.27,6.98,6.99,4.23,206160185
Feb 6 2017,6.99,7.13,6.93,7.10,4.29,152974595
Jan 30 2017,7.14,7.16,6.95,6.98,4.22,38940967
Jan 23 2017,7.18,7.23,7.03,7.14,4.32,148528055
Jan 16 2017,7.27,7.42,7.13,7.27,4.40,208968524
Jan 9 2017,7.44,7.54,7.19,7.27,4.40,180414449
Jan 2 2017,7.08,7.69,7.06,7.47,4.52,285090387
Dec 26 2016,6.99,7.09,6.93,7.08,4.28,97221246
Dec 19 2016,6.90,7.19,6.76,7.07,4.27,222647306
Dec 12 2016,7.32,7.38,6.81,6.89,4.17,232894555
Dec 5 2016,7.24,7.40,7.15,7.35,4.44,226674594
Nov 28 2016,7.21,7.49,7.08,7.35,4.44,422383278
Nov 21 2016,7.02,7.29,7.01,7.18,4.34,188628239
Nov 14 2016,7.05,7.35,7.01,7.04,4.26,240496038
Nov 7 2016,6.84,7.22,6.72,7.06,4.27,276607358
Oct 31 2016,6.80,6.89,6.70,6.86,4.15,117434799
Oct 24 2016,6.76,7.03,6.69,6.83,4.13,275290730
Oct 17 2016,6.51,6.84,6.42,6.76,4.09,228451221
Oct 10 2016,6.43,6.54,6.41,6.50,3.93,165625825
Oct 3 2016,6.34,6.34,6.34,6.34,3.83,-
Sep 26 2016,6.23,6.39,6.18,6.34,3.83,133826636
Sep 19 2016,6.18,6.28,6.16,6.25,3.78,84880155
Sep 12 2016,6.25,6.28,6.15,6.18,3.74,107159000
Sep 5 2016,6.35,6.42,6.32,6.32,3.82,98752306
Aug 29 2016,6.32,6.38,6.27,6.36,3.85,148312496
Aug 22 2016,6.48,6.49,6.32,6.33,3.83,139338555
Aug 15 2016,6.42,6.61,6.38,6.45,3.90,300799109
Aug 8 2016,6.13,6.44,6.09,6.43,3.89,343137659
Aug 1 2016,6.17,6.21,6.06,6.11,3.69,165217270
Jul 25 2016,6.02,6.22,5.98,6.15,3.72,275767082
Jul 18 2016,6.10,6.13,6.01,6.02,3.64,130769049
Jul 11 2016,6.03,6.15,5.99,6.11,3.69,282927036
Jul 4 2016,6.44,6.62,6.04,6.04,3.40,302476991
Jun 27 2016,6.29,6.47,6.29,6.44,3.63,197315402
Jun 20 2016,6.36,6.40,6.22,6.31,3.55,138016757
Jun 13 2016,6.40,6.42,6.31,6.36,3.58,168188873
Jun 6 2016,6.48,6.50,6.40,6.43,3.62,63527580
May 30 2016,6.34,6.52,6.33,6.49,3.66,185440704
May 23 2016,6.35,6.38,6.30,6.34,3.57,111460019
May 16 2016,6.44,6.49,6.31,6.35,3.58,130362205
May 9 2016,6.46,6.52,6.31,6.46,3.64,222704177
May 2 2016,6.54,6.63,6.46,6.47,3.64,205688929
Apr 25 2016,6.54,6.63,6.52,6.54,3.68,160178470
Apr 18 2016,6.80,6.81,6.50,6.56,3.70,292117121
Apr 11 2016,6.83,6.93,6.72,6.84,3.85,359262150
Apr 4 2016,6.96,7.02,6.76,6.81,3.84,283286896
Mar 28 2016,6.83,7.04,6.70,6.96,3.92,360553239
Mar 21 2016,7.04,7.16,6.78,6.82,3.84,418206192
Mar 14 2016,6.74,7.07,6.74,7.01,3.95,414961374
Mar 7 2016,6.94,7.06,6.64,6.73,3.79,310406958
Feb 29 2016,6.70,6.98,6.41,6.96,3.92,419159595
Feb 22 2016,6.87,7.03,6.53,6.69,3.77,334477253
Feb 15 2016,6.55,6.94,6.55,6.83,3.85,240929582
Feb 8 2016,6.72,6.72,6.72,6.72,3.79,-
Feb 1 2016,6.80,6.81,6.57,6.72,3.79,368961526
Jan 25 2016,7.44,7.46,6.67,6.81,3.84,324213341
Jan 18 2016,7.31,7.70,7.27,7.39,4.16,229763878
Jan 11 2016,8.10,8.17,7.32,7.35,4.14,314824299
Jan 4 2016,8.62,8.64,8.01,8.22,4.63,251213622
Dec 28 2015,9.03,9.04,8.59,8.62,4.86,249619712
Dec 21 2015,8.78,9.37,8.76,9.02,5.08,367776045
Dec 14 2015,8.50,8.90,8.48,8.78,4.95,186322208
Dec 7 2015,8.93,9.04,8.54,8.59,4.84,176324486
Nov 30 2015,8.82,9.21,8.52,8.89,5.01,307694560
Nov 23 2015,9.35,9.38,8.70,8.82,4.97,266806088
Nov 16 2015,9.38,9.64,9.27,9.36,5.27,245789244
Nov 9 2015,9.55,10.01,9.38,9.43,5.31,359971310
Nov 2 2015,9.09,9.71,8.87,9.46,5.33,362238561
Oct 26 2015,9.31,9.40,9.11,9.13,5.14,248356935
Oct 19 2015,9.41,9.44,8.90,9.22,5.19,317615771
Oct 12 2015,9.08,9.46,9.02,9.39,5.29,264209450
Oct 5 2015,8.83,9.18,8.83,9.08,5.12,84007255
Sep 28 2015,9.05,9.14,8.72,8.83,4.97,71067143
Sep 21 2015,9.19,9.39,8.90,9.09,5.12,157241555
Sep 14 2015,9.25,10.04,8.87,9.20,5.18,357073219
Sep 7 2015,9.70,9.94,9.09,9.30,5.24,304275759
Aug 31 2015,9.25,10.20,9.01,9.77,5.50,427991476
Aug 24 2015,9.30,9.50,7.88,9.42,5.31,674268293
Aug 17 2015,10.89,11.28,9.50,9.62,5.42,402471164
Aug 10 2015,10.64,11.20,10.50,10.90,6.14,447738624
Aug 3 2015,10.01,10.73,9.88,10.59,5.97,435041981
Jul 27 2015,10.79,10.91,9.16,10.22,5.76,757218428
Jul 20 2015,11.45,11.85,10.95,10.99,6.19,729864826
Jul 13 2015,11.88,12.65,10.52,11.50,6.48,944004325
Jul 6 2015,11.70,12.20,9.58,12.13,6.83,2169689632
Jun 29 2015,12.90,14.58,10.82,10.82,6.10,2308793788
Jun 22 2015,12.41,14.21,11.63,12.48,7.03,1201879279
Jun 15 2015,14.01,15.15,12.41,12.41,6.76,1294807973
Jun 8 2015,13.74,14.13,13.17,13.93,7.58,1329514234
Jun 1 2015,12.25,13.60,12.10,13.59,7.40,1168284178
May 25 2015,13.28,14.03,12.00,12.18,6.63,1235868134
May 18 2015,12.29,13.24,12.10,13.15,7.16,832634192
May 11 2015,12.40,13.15,12.20,12.31,6.70,800337012
May 4 2015,13.83,14.31,11.92,12.42,6.76,963484937
Apr 27 2015,13.30,14.72,13.30,13.97,7.61,1075711636
Apr 20 2015,13.38,14.60,13.00,13.38,7.28,1360387298
Apr 13 2015,11.73,13.77,11.60,13.37,7.28,1727595052
Apr 6 2015,11.18,11.67,11.04,11.61,6.32,966402135
Mar 30 2015,10.95,11.47,10.86,11.18,6.09,997551130
Mar 23 2015,11.02,11.24,10.73,10.87,5.92,762923307
Mar 16 2015,10.62,11.35,10.48,10.93,5.95,687156490
Mar 9 2015,10.16,10.69,10.00,10.52,5.73,475686547
Mar 2 2015,10.70,10.80,10.02,10.21,5.56,417234871
Feb 23 2015,10.54,10.80,10.18,10.67,5.81,237685106
Feb 16 2015,10.48,10.59,10.36,10.54,5.74,99083749
Feb 9 2015,9.71,10.58,9.63,10.46,5.69,424067547
Feb 2 2015,10.70,10.71,9.70,9.75,5.31,555717801
Jan 26 2015,10.80,11.29,10.27,10.62,5.78,768922754
Jan 19 2015,10.80,11.06,10.10,10.79,5.87,732173431
Jan 12 2015,11.33,11.71,10.93,11.46,6.24,602034975
Jan 5 2015,11.20,12.32,10.95,11.32,6.16,1575326825
Dec 29 2014,10.92,11.17,10.20,10.66,5.80,428053824
Dec 22 2014,11.60,11.95,10.03,10.85,5.91,746383874
Dec 15 2014,10.12,11.74,9.90,11.50,6.26,963564836
Dec 8 2014,9.54,11.14,9.50,10.22,5.56,1109204482
Dec 1 2014,9.59,10.10,9.31,9.48,5.16,688434797
Nov 24 2014,9.45,9.85,9.35,9.58,5.22,465994362
Nov 17 2014,9.69,9.86,8.91,9.27,5.05,820809854
Nov 10 2014,8.03,9.09,8.03,9.06,4.93,572122678
Nov 3 2014,7.97,8.18,7.87,7.96,4.33,272553476
Oct 27 2014,7.45,8.15,7.33,7.98,4.34,339362582
Oct 20 2014,7.59,7.69,7.45,7.48,4.07,141837439
Oct 13 2014,7.74,7.85,7.43,7.54,4.10,279676914
Oct 6 2014,7.78,8.03,7.71,7.80,4.25,120885899
Sep 29 2014,7.74,7.85,7.73,7.78,4.24,59925650
Sep 22 2014,7.70,7.92,7.51,7.78,4.24,191958545
Sep 15 2014,7.78,7.88,7.59,7.73,4.21,172876697
Sep 8 2014,8.02,8.05,7.66,7.78,4.24,167853812
Sep 1 2014,7.40,8.05,7.33,8.02,4.37,268080919
Aug 25 2014,7.28,7.42,7.19,7.40,4.03,133263833
Aug 18 2014,7.34,7.44,7.19,7.27,3.96,144125827
Aug 11 2014,7.07,7.47,7.07,7.30,3.97,205505447
Aug 4 2014,7.15,7.31,7.01,7.07,3.85,167159484
Jul 28 2014,7.24,7.27,7.01,7.15,3.89,275781581
Jul 21 2014,6.86,7.20,6.77,7.17,3.90,174098919
Jul 14 2014,6.38,6.96,6.36,6.86,3.73,280868838
Jul 7 2014,6.38,6.39,6.28,6.37,3.47,84611962
Jun 30 2014,6.26,6.44,6.26,6.38,3.47,77660058
Jun 23 2014,6.49,6.49,6.24,6.24,3.18,123960868
Jun 16 2014,6.81,7.03,6.80,6.86,3.50,132620503
Jun 9 2014,6.67,6.81,6.66,6.80,3.47,85506674
Jun 2 2014,6.71,6.74,6.65,6.68,3.41,55419562
May 26 2014,6.73,6.76,6.64,6.71,3.42,69499832
May 19 2014,6.74,6.79,6.60,6.71,3.42,68994303
May 12 2014,6.76,6.83,6.70,6.74,3.44,75264335
May 5 2014,6.66,6.76,6.55,6.70,3.42,92079831
Apr 28 2014,6.71,6.73,6.56,6.66,3.40,52216238
Apr 21 2014,6.78,6.85,6.61,6.69,3.41,93510861
Apr 14 2014,7.10,7.12,6.78,6.83,3.49,139352925
Apr 7 2014,6.65,7.15,6.63,7.09,3.62,241283556
Mar 31 2014,6.74,6.91,6.52,6.65,3.39,140845420
Mar 24 2014,6.59,6.77,6.53,6.68,3.41,109619367
Mar 17 2014,6.32,6.59,6.29,6.58,3.36,176169611
Mar 10 2014,6.70,6.70,6.27,6.29,3.21,145026272
Mar 3 2014,6.80,6.94,6.65,6.72,3.43,134187846
Feb 24 2014,7.11,7.11,6.75,6.80,3.47,207547763
Feb 17 2014,8.05,8.06,7.13,7.17,3.66,397123905
Feb 10 2014,7.32,7.93,7.27,7.77,3.96,214701062
Feb 3 2014,7.26,7.31,7.17,7.30,3.73,19800724
Jan 27 2014,7.31,7.34,7.11,7.26,3.70,79061464
Jan 20 2014,7.04,7.50,6.95,7.36,3.76,124259323
Jan 13 2014,7.27,7.28,6.90,7.04,3.59,108285078
Jan 6 2014,7.62,7.65,7.10,7.24,3.69,132790355
Dec 30 2013,7.35,7.81,7.23,7.69,3.92,117985963
Dec 23 2013,7.40,7.54,7.22,7.35,3.75,95719210
Dec 16 2013,7.61,7.69,7.31,7.41,3.78,121310755
Dec 9 2013,7.72,8.00,7.54,7.63,3.89,154041578
Dec 2 2013,7.83,8.09,7.68,7.70,3.93,127523674
Nov 25 2013,7.68,8.07,7.61,7.91,4.04,121713824
Nov 18 2013,7.35,7.86,7.26,7.77,3.96,174649640
Nov 11 2013,7.34,7.40,7.09,7.25,3.70,120187993
Nov 4 2013,7.55,7.57,7.26,7.35,3.75,91001190
Oct 28 2013,6.91,7.51,6.91,7.48,3.82,176032125
Oct 21 2013,6.97,7.08,6.88,6.88,3.51,120698869
Oct 14 2013,7.15,7.36,6.94,6.97,3.56,134731576
Oct 7 2013,7.28,7.29,6.97,7.09,3.62,95979029
Sep 30 2013,7.12,7.32,7.08,7.28,3.71,26610593
Sep 23 2013,7.37,7.43,6.89,7.10,3.62,129724879
Sep 16 2013,7.49,7.82,7.25,7.32,3.74,116557686
Sep 9 2013,7.36,7.79,7.27,7.51,3.83,242893885
Sep 2 2013,6.84,7.45,6.84,7.39,3.77,197304714
Aug 26 2013,6.96,7.10,6.75,6.81,3.48,112559843
Aug 19 2013,6.63,7.17,6.55,6.92,3.53,258859404
Aug 12 2013,6.08,7.46,6.06,6.67,3.40,334260706
Aug 5 2013,6.28,6.35,5.98,6.07,3.10,134871592
Jul 29 2013,6.00,6.36,5.90,6.27,3.20,128808845
Jul 22 2013,5.68,6.09,5.61,6.08,3.10,164564410
Jul 15 2013,6.09,6.15,5.68,5.72,2.92,129362187
Jul 8 2013,5.68,6.15,5.60,6.04,3.08,137103030
Jul 1 2013,5.87,5.91,5.56,5.74,2.93,137200543
Jun 24 2013,6.04,6.10,5.41,5.94,3.03,232564260
Jun 17 2013,6.34,6.35,5.99,6.05,3.09,120649809
Jun 10 2013,6.60,6.60,6.23,6.33,3.23,87759238
Jun 3 2013,7.07,7.13,6.59,6.60,3.18,120179989
May 27 2013,6.96,7.15,6.91,7.07,3.41,155865933
May 20 2013,7.13,7.23,6.95,6.98,3.36,174885596
May 13 2013,7.23,7.23,6.94,7.16,3.45,189847793
May 6 2013,7.05,7.34,7.03,7.21,3.47,147140119
Apr 29 2013,7.05,7.13,6.98,7.03,3.39,79710904
Apr 22 2013,7.20,7.27,7.01,7.05,3.40,138740035
Apr 15 2013,7.08,7.28,6.93,7.21,3.47,113927616
Apr 8 2013,7.30,7.42,7.04,7.09,3.42,144696221
Apr 1 2013,7.37,7.53,7.28,7.43,3.58,63653117
Mar 25 2013,7.80,7.85,7.35,7.45,3.59,139349227
Mar 18 2013,7.81,7.88,7.47,7.84,3.78,195604461
Mar 11 2013,7.89,7.95,7.38,7.82,3.77,245243624
Mar 4 2013,7.85,8.26,7.66,7.71,3.71,312638801
Feb 25 2013,7.72,8.00,7.50,7.90,3.81,250672772
Feb 18 2013,7.32,7.99,7.32,7.71,3.71,417357824
Feb 11 2013,7.28,7.28,7.28,7.28,3.51,-
Feb 4 2013,7.21,7.28,7.07,7.28,3.51,215103201
Jan 28 2013,7.02,7.31,7.02,7.24,3.49,209048644
Jan 21 2013,7.06,7.11,6.91,7.01,3.38,185122692
Jan 14 2013,6.81,7.08,6.81,7.05,3.40,169596437
Jan 7 2013,6.81,7.08,6.72,6.82,3.29,162284505
Dec 31 2012,6.82,6.93,6.74,6.82,3.29,109536532
Dec 24 2012,6.46,6.86,6.45,6.80,3.28,184369525
Dec 17 2012,6.52,6.59,6.44,6.46,3.11,195157607
Dec 10 2012,6.36,6.53,6.30,6.51,3.14,222558406
Dec 3 2012,6.29,6.43,6.26,6.37,3.07,186675361
Nov 26 2012,6.25,6.32,6.14,6.30,3.04,115426127
Nov 19 2012,6.08,6.30,6.05,6.26,3.02,117794081
Nov 12 2012,6.09,6.17,6.00,6.07,2.92,102137697
Nov 5 2012,6.16,6.17,6.03,6.09,2.93,82995231
Oct 29 2012,6.03,6.17,5.96,6.15,2.96,107026379
Oct 22 2012,6.14,6.22,6.00,6.02,2.90,112958567
Oct 15 2012,6.10,6.19,6.05,6.16,2.97,119199263
Oct 8 2012,6.08,6.17,6.04,6.10,2.94,132676004
Oct 1 2012,6.10,6.10,6.10,6.10,2.94,-
Sep 24 2012,5.84,6.12,5.82,6.10,2.94,131746005
Sep 17 2012,6.02,6.05,5.84,5.86,2.82,112699573
Sep 10 2012,6.07,6.08,5.98,6.01,2.90,139755379
Sep 3 2012,5.99,6.14,5.87,6.09,2.93,156700253
Aug 27 2012,5.90,6.06,5.83,5.99,2.89,136603382
Aug 20 2012,5.84,5.94,5.82,5.92,2.85,96717817
Aug 13 2012,6.03,6.04,5.82,5.89,2.84,141484551
Aug 6 2012,6.00,6.08,6.00,6.02,2.90,103990497
Jul 30 2012,5.97,6.06,5.90,6.02,2.90,153359647
Jul 23 2012,6.04,6.09,5.94,5.95,2.87,128797321
Jul 16 2012,6.71,6.73,6.05,6.07,2.75,271051666
Jul 9 2012,6.78,6.82,6.41,6.71,3.04,278423867
Jul 2 2012,7.05,7.05,6.74,6.81,3.09,167900304
Jun 25 2012,7.24,7.24,6.95,7.03,3.19,160926102
Jun 18 2012,7.36,7.40,7.23,7.25,3.29,92975211
Jun 11 2012,7.31,7.39,7.28,7.34,3.33,119274130
Jun 4 2012,7.39,7.40,7.26,7.29,3.31,141211213
May 28 2012,7.49,7.52,7.40,7.43,3.37,168800462
May 21 2012,7.50,7.67,7.46,7.51,3.40,274199609
May 14 2012,7.48,7.50,7.37,7.45,3.38,174861375
May 7 2012,7.52,7.63,7.44,7.47,3.39,221389140
Apr 30 2012,7.47,7.60,7.47,7.55,3.42,190966188
Apr 23 2012,7.51,7.57,7.41,7.47,3.39,229873466
Apr 16 2012,7.40,7.53,7.35,7.51,3.40,197074776
Apr 9 2012,7.41,7.51,7.33,7.43,3.37,198879150
Apr 2 2012,7.45,7.48,7.37,7.40,3.36,65074201
Mar 26 2012,7.48,7.48,7.29,7.45,3.38,160596469
Mar 19 2012,7.44,7.56,7.37,7.48,3.39,171116054
Mar 12 2012,7.55,7.57,7.34,7.47,3.39,284229814
Mar 5 2012,7.69,7.74,7.44,7.55,3.42,241897485
Feb 27 2012,7.65,7.77,7.59,7.67,3.48,284955938
Feb 20 2012,7.62,7.64,7.46,7.63,3.46,308438711
Feb 13 2012,7.54,7.61,7.50,7.57,3.43,174702679
Feb 6 2012,7.65,7.71,7.42,7.58,3.44,192367297
Jan 30 2012,7.76,7.77,7.56,7.64,3.46,170626209
Jan 23 2012,7.76,7.76,7.76,7.76,3.52,-
Jan 16 2012,7.62,7.82,7.49,7.76,3.52,177460928
Jan 9 2012,7.59,7.79,7.54,7.64,3.46,201661921
Jan 2 2012,7.37,7.60,7.30,7.58,3.44,162011567
Dec 26 2011,7.36,7.48,7.23,7.46,3.38,111656882
Dec 19 2011,7.36,7.51,7.28,7.36,3.34,109958509
Dec 12 2011,7.47,7.57,7.27,7.39,3.35,119150959
Dec 5 2011,7.54,7.54,7.32,7.48,3.39,98327554
Nov 28 2011,7.57,7.67,7.40,7.51,3.40,110940699
Nov 21 2011,7.49,7.62,7.42,7.54,3.42,105557591
Nov 14 2011,7.93,8.05,7.40,7.46,3.38,210950793
Nov 7 2011,7.77,7.91,7.69,7.86,3.56,115436057
Oct 31 2011,7.69,7.91,7.65,7.82,3.55,179239504
Oct 24 2011,7.46,7.91,7.44,7.72,3.50,246284045
Oct 17 2011,7.52,7.54,7.29,7.40,3.36,106249258
Oct 10 2011,7.18,7.56,7.15,7.53,3.41,167454453
Oct 3 2011,7.17,7.17,7.17,7.17,3.25,-
Sep 26 2011,7.23,7.30,7.11,7.17,3.25,123796753
Sep 19 2011,7.39,7.63,7.16,7.26,3.29,183852199
Sep 12 2011,7.36,7.50,7.24,7.44,3.37,83220093
Sep 5 2011,7.32,7.52,7.18,7.36,3.34,132333788
Aug 29 2011,7.65,7.75,7.34,7.35,3.33,110906574
Aug 22 2011,7.33,7.73,7.29,7.69,3.49,123303535
Aug 15 2011,7.50,7.74,7.29,7.37,3.34,186707573
Aug 8 2011,7.58,7.65,7.12,7.52,3.41,249566585
Aug 1 2011,7.60,7.80,7.57,7.60,3.45,149659542
Jul 25 2011,7.88,7.89,7.52,7.60,3.45,206217549
Jul 18 2011,8.22,8.22,7.96,7.98,3.62,141956631
Jul 11 2011,8.22,8.31,8.09,8.23,3.73,110015474
Jul 4 2011,8.16,8.41,8.12,8.23,3.73,300010299
Jun 27 2011,8.45,8.49,8.00,8.10,3.52,208011336
Jun 20 2011,8.22,8.53,8.12,8.46,3.68,155571420
Jun 13 2011,8.48,8.49,8.19,8.22,3.57,124104815
Jun 6 2011,8.49,8.63,8.40,8.52,3.70,100771981
May 30 2011,8.32,8.61,8.30,8.49,3.69,125735021
May 23 2011,8.77,8.77,8.26,8.31,3.61,159898352
May 16 2011,8.96,9.04,8.72,8.77,3.81,172435332
May 9 2011,9.07,9.18,8.84,8.96,3.89,168922551
May 2 2011,8.98,9.41,8.88,9.04,3.93,421882722
Apr 25 2011,8.86,9.02,8.67,8.98,3.90,250734921
Apr 18 2011,9.03,9.12,8.77,8.87,3.85,222496357
Apr 11 2011,8.83,9.18,8.67,9.05,3.93,386899212
Apr 4 2011,8.62,8.95,8.59,8.77,3.81,166869745
Mar 28 2011,8.61,8.75,8.51,8.62,3.75,231740845
Mar 21 2011,8.51,8.67,8.36,8.62,3.75,206850937
Mar 14 2011,8.56,8.65,8.25,8.55,3.71,258339844
Mar 7 2011,8.52,8.93,8.52,8.57,3.72,363621709
Feb 28 2011,8.41,8.53,8.30,8.50,3.69,269349649
Feb 21 2011,8.48,8.58,8.23,8.39,3.65,282825502
Feb 14 2011,8.48,8.85,8.42,8.49,3.69,374581810
Feb 7 2011,8.59,8.72,8.37,8.48,3.68,134246639
Jan 31 2011,8.63,8.72,8.53,8.59,3.73,79565802
Jan 24 2011,8.41,8.85,8.41,8.68,3.77,377075125
Jan 17 2011,8.18,8.53,8.02,8.40,3.65,403082638
Jan 10 2011,7.90,8.42,7.86,8.24,3.58,348747651
Jan 3 2011,7.82,7.99,7.75,7.90,3.43,184025703
Dec 27 2010,8.06,8.10,7.68,7.82,3.40,245268338
Dec 20 2010,8.17,8.18,7.98,8.02,3.48,219197416
Dec 13 2010,8.16,8.33,8.08,8.15,3.54,287322771
Dec 6 2010,8.09,8.35,7.97,8.14,3.54,311179633
Nov 29 2010,8.20,8.32,7.99,8.09,3.52,211922723
Nov 22 2010,8.30,8.43,8.10,8.22,3.57,257178733
Nov 15 2010,8.65,8.74,8.17,8.38,3.64,407882966
Nov 8 2010,8.96,9.11,8.50,8.61,3.74,690276789
Nov 1 2010,8.90,9.28,8.88,8.99,3.91,684325772
Oct 25 2010,8.99,9.09,8.82,8.87,3.85,155010335
Oct 18 2010,9.32,9.61,8.88,8.99,3.91,453275706
Oct 11 2010,8.61,9.24,8.61,9.23,4.01,398323952
Oct 4 2010,8.38,8.62,8.38,8.55,3.72,41079374
Sep 27 2010,8.46,8.49,8.23,8.38,3.64,101997585
Sep 20 2010,8.48,8.54,8.36,8.42,3.66,52508268
Sep 13 2010,8.66,8.79,8.31,8.47,3.68,189285718
Sep 6 2010,8.53,9.22,8.50,8.67,3.77,308696843
Aug 30 2010,8.56,8.75,8.41,8.49,3.69,124454519
Aug 23 2010,8.71,8.76,8.39,8.54,3.71,111001764
Aug 16 2010,8.38,8.79,8.30,8.70,3.78,185977101
Aug 9 2010,8.73,8.74,8.22,8.38,3.64,138281942
Aug 2 2010,8.56,8.73,8.49,8.70,3.78,155451877
Jul 26 2010,8.57,8.78,8.47,8.58,3.73,167915661
Jul 19 2010,8.12,8.63,8.08,8.53,3.70,169710942
Jul 12 2010,8.38,8.45,8.08,8.16,3.54,88073580
Jul 5 2010,8.27,8.52,8.21,8.45,3.67,113440729
Jun 28 2010,8.16,8.33,7.87,8.30,3.60,119741792
Jun 21 2010,8.40,8.66,8.05,8.12,3.40,99247767
Jun 14 2010,8.31,8.47,8.29,8.37,3.51,33737346
Jun 7 2010,8.20,8.41,8.13,8.31,3.48,79117234
May 31 2010,8.57,8.70,8.20,8.30,3.48,94123590
May 24 2010,8.57,8.78,8.37,8.59,3.60,99690492
May 17 2010,8.66,8.66,8.18,8.54,3.58,105123083
May 10 2010,8.69,8.83,8.27,8.79,3.69,157415486
May 3 2010,9.05,9.32,8.57,8.65,3.63,122730141
Apr 26 2010,9.17,9.36,8.95,9.05,3.80,141697191
Apr 19 2010,9.52,9.52,9.08,9.14,3.83,186324377
Apr 12 2010,9.64,9.89,9.49,9.61,4.03,185374640
Apr 5 2010,9.77,9.94,9.52,9.61,4.03,145676643
Mar 29 2010,9.35,9.83,9.31,9.77,4.10,207609978
Mar 22 2010,9.33,9.41,9.16,9.29,3.90,157818056
Mar 15 2010,9.23,9.38,9.05,9.35,3.92,101480242
Mar 8 2010,9.44,9.54,9.23,9.25,3.88,116298519
Mar 1 2010,9.66,9.80,9.37,9.47,3.97,135200563
Feb 22 2010,9.48,9.79,9.27,9.65,4.05,112658628
Feb 15 2010,9.46,9.51,9.43,9.48,3.98,63319144
Feb 8 2010,9.32,9.51,9.16,9.48,3.98,110804735
Feb 1 2010,9.71,9.71,9.22,9.32,3.91,176093797
Jan 25 2010,10.17,10.31,9.67,9.71,4.07,208720122
Jan 18 2010,10.41,10.85,9.96,10.35,4.34,312846676
Jan 11 2010,10.19,10.46,9.88,10.37,4.35,353038248
Jan 4 2010,10.34,10.38,9.79,9.90,4.15,236575361
Dec 28 2009,9.90,10.34,9.88,10.26,4.30,235386338
Dec 21 2009,10.16,10.24,9.66,9.88,4.14,187968306
Dec 14 2009,10.75,11.02,10.08,10.16,4.26,310670773
Dec 7 2009,11.13,11.32,10.51,10.56,4.43,351421280
Nov 30 2009,10.45,11.24,10.36,11.04,4.63,459815163
Nov 23 2009,10.84,11.04,10.36,10.46,4.38,380831745
Nov 16 2009,10.90,11.10,10.66,10.84,4.54,468077903
Nov 9 2009,11.30,11.75,10.64,10.80,4.53,323772926
Nov 2 2009,9.61,11.67,9.51,11.30,4.74,474236164
Oct 26 2009,9.81,10.08,9.61,9.71,4.07,231034633
Oct 19 2009,9.91,10.11,9.74,9.84,4.13,243593003
Oct 12 2009,9.51,10.00,9.38,9.91,4.16,228959187
Oct 5 2009,9.23,9.54,9.23,9.53,4.00,30851772
Sep 28 2009,9.36,9.41,8.95,9.23,3.87,152848902
Sep 21 2009,9.67,9.91,9.34,9.36,3.93,270322999
Sep 14 2009,10.09,10.32,9.66,9.76,4.09,303341970
Sep 7 2009,9.92,10.21,9.77,10.05,4.21,223234057
Aug 31 2009,10.11,10.11,9.27,9.88,4.14,241117111
Aug 24 2009,10.31,10.61,9.96,10.26,4.30,219026136
Aug 17 2009,10.66,10.89,10.00,10.43,4.37,287634665
Aug 10 2009,11.85,12.36,10.56,10.93,4.58,399706759
Aug 3 2009,11.23,12.85,11.15,11.67,4.89,625910617
Jul 27 2009,11.28,11.40,10.21,11.23,4.71,573044009
Jul 20 2009,11.15,11.78,10.97,11.26,4.72,584232596
Jul 13 2009,10.33,11.05,10.21,11.00,4.61,624746973
Jul 6 2009,10.26,10.65,10.08,10.37,4.35,558295365
Jun 29 2009,10.15,10.70,10.11,10.23,4.17,517657171
Jun 22 2009,10.21,10.44,9.77,10.11,4.12,654032604
Jun 15 2009,9.47,10.24,9.37,10.09,4.11,418766248
Jun 8 2009,9.57,10.16,9.40,9.46,3.85,576650130
Jun 1 2009,9.28,9.74,9.27,9.59,3.91,388880802
May 25 2009,9.02,9.26,9.02,9.21,3.75,85729954
May 18 2009,9.62,9.74,9.20,9.30,3.79,289752256
May 11 2009,9.76,9.91,9.42,9.65,3.93,441263176
May 4 2009,9.48,10.10,9.47,9.74,3.97,543054305
Apr 27 2009,9.28,9.73,9.23,9.48,3.86,266684749
Apr 20 2009,9.78,10.00,9.25,9.27,3.78,459673383
Apr 13 2009,10.06,10.35,9.50,9.80,3.99,639878236
Apr 6 2009,9.22,10.10,9.18,9.98,4.07,658105110
Mar 30 2009,9.05,9.65,8.68,9.22,3.76,647627111
Mar 23 2009,8.68,9.12,8.48,8.98,3.66,451442143
Mar 16 2009,8.27,8.74,7.98,8.62,3.51,366112654
Mar 9 2009,8.48,8.62,8.14,8.24,3.36,250222791
Mar 2 2009,8.11,8.76,8.02,8.43,3.43,376208071
Feb 23 2009,9.21,9.54,8.10,8.22,3.35,520525971
Feb 16 2009,9.96,10.24,8.99,9.23,3.76,502257257
Feb 9 2009,9.47,9.92,9.29,9.78,3.98,536693274
Feb 2 2009,8.50,9.41,8.22,9.35,3.81,383445679
Jan 26 2009,8.44,8.44,8.44,8.44,3.44,-
Jan 19 2009,8.85,8.99,8.36,8.44,3.44,219321357
Jan 12 2009,8.51,8.96,8.32,8.71,3.55,177265438
Jan 5 2009,8.08,8.78,7.96,8.50,3.46,220032750
Dec 29 2008,7.75,8.26,7.50,7.99,3.25,173033453
Dec 22 2008,8.79,8.91,7.84,7.87,3.21,230621215
Dec 15 2008,8.77,8.93,8.18,8.79,3.58,286367262
Dec 8 2008,9.24,9.74,8.58,8.64,3.52,335348537
Dec 1 2008,8.66,9.54,8.35,9.07,3.70,382010268
Nov 24 2008,9.35,9.42,8.56,8.73,3.56,210302606
Nov 17 2008,10.04,10.42,9.01,9.30,3.79,450584054
Nov 10 2008,9.47,10.12,8.94,9.96,4.06,228528290
Nov 3 2008,9.26,9.51,8.68,9.24,3.77,80883721
Oct 27 2008,11.15,11.35,9.64,9.64,3.93,75280722
Oct 20 2008,10.54,11.45,10.36,11.37,4.63,54613889
Oct 13 2008,11.36,12.22,10.51,10.54,4.29,75689959
Oct 6 2008,12.80,12.85,10.97,11.43,4.66,57418398
Sep 29 2008,12.85,12.85,12.85,12.85,5.23,-
Sep 22 2008,12.55,13.24,11.53,12.85,5.23,133592679
Sep 15 2008,10.98,12.01,9.96,12.01,4.89,65298589
Sep 8 2008,10.67,11.30,10.41,10.98,4.47,34716140
Sep 1 2008,11.89,12.29,10.16,10.75,4.38,79814689
Aug 25 2008,12.90,13.32,11.63,12.07,4.92,51092363
Aug 18 2008,12.63,13.48,11.97,12.89,5.25,45585674
Aug 11 2008,12.85,13.00,12.25,12.65,5.15,40944669
Aug 4 2008,13.05,13.35,12.67,12.85,5.23,34298437
Jul 28 2008,14.07,14.29,12.73,13.00,5.30,48518754
Jul 21 2008,12.97,14.17,12.85,14.05,5.73,66028254
Jul 14 2008,13.62,13.79,12.46,13.10,5.34,61151766
Jul 7 2008,13.46,14.52,13.20,13.63,5.56,72112571
Jun 30 2008,12.88,14.12,12.85,13.43,5.35,79564738
Jun 23 2008,12.18,13.80,12.13,12.84,5.12,86575928
Jun 16 2008,13.01,13.44,11.64,12.31,4.90,84678141
Jun 9 2008,14.93,14.93,12.65,13.01,5.18,80663881
Jun 2 2008,15.04,16.15,14.75,14.93,5.95,66426155
May 26 2008,15.86,16.03,14.87,14.95,5.96,51294285
May 19 2008,17.73,17.93,15.42,16.01,6.38,88280117
May 12 2008,17.45,18.17,16.52,17.82,7.10,104918557
May 5 2008,16.52,17.81,15.99,17.68,7.04,142236046
Apr 28 2008,15.29,16.53,14.69,16.42,6.54,85435327
Apr 21 2008,13.75,16.63,12.38,15.59,6.21,170651292
Apr 14 2008,15.52,15.95,13.75,13.75,5.48,97426504
Apr 7 2008,14.94,17.41,14.74,15.85,6.32,97614845
Mar 31 2008,17.12,17.63,13.89,15.42,6.14,134774313
Mar 24 2008,17.41,17.93,15.88,17.70,7.05,55825917
Mar 17 2008,16.38,18.03,14.86,17.41,6.94,125487021
Mar 10 2008,19.50,19.50,16.17,16.47,6.56,73655622
Mar 3 2008,19.47,20.16,17.73,19.52,7.78,112702744
Feb 25 2008,19.78,20.70,18.92,19.65,7.83,83623928
Feb 18 2008,22.11,23.92,19.86,20.29,8.08,188873341
Feb 11 2008,22.17,22.90,20.82,21.45,8.55,61536731
Feb 4 2008,22.56,23.70,21.83,22.17,8.83,117749950
Jan 28 2008,23.78,23.80,19.67,22.22,8.85,257392922
Jan 21 2008,25.00,26.08,22.41,24.59,9.80,96514991
Jan 14 2008,26.90,27.67,24.48,24.90,9.92,121723181
Jan 7 2008,26.77,28.33,26.09,26.80,10.68,124048237
Dec 31 2007,25.52,27.44,24.88,26.73,10.65,88813213
Dec 24 2007,25.80,26.50,25.09,25.52,10.17,128528335
Dec 17 2007,23.62,26.29,23.04,26.07,10.39,68905551
Dec 10 2007,22.31,24.92,22.21,23.56,9.39,83483109
Dec 3 2007,21.31,22.90,20.79,22.66,9.03,58031998
Nov 26 2007,21.61,22.49,20.41,21.30,8.49,69519888
Nov 19 2007,21.51,22.86,20.57,21.10,8.41,61751495
Nov 12 2007,19.72,22.82,19.62,21.41,8.53,91621611
Nov 5 2007,21.81,22.97,19.23,20.33,8.10,73000824
Oct 29 2007,21.54,24.58,21.46,21.73,8.66,123780587
Oct 22 2007,23.20,24.90,20.22,21.27,8.48,133162158
Oct 15 2007,24.83,27.27,23.17,23.79,9.48,172309615
Oct 8 2007,25.69,25.87,23.07,24.52,9.77,192058814
Oct 1 2007,25.37,25.37,25.37,25.37,10.11,-
Sep 24 2007,26.26,26.37,23.90,25.37,10.11,129689042
Sep 17 2007,24.30,26.49,23.01,26.21,10.44,226973764
Sep 10 2007,18.71,24.89,18.57,24.40,9.72,305426311
Sep 3 2007,18.54,20.07,18.54,18.99,7.57,224143198
Aug 27 2007,17.65,18.71,16.95,18.25,7.27,239026756
Aug 20 2007,16.98,18.33,16.98,17.65,7.03,231385758
Aug 13 2007,16.71,18.23,16.26,16.50,6.58,371232208
Aug 6 2007,15.57,17.43,15.16,16.72,6.66,379956914
Jul 30 2007,15.24,16.02,14.85,15.53,6.19,273562366
Jul 23 2007,14.64,15.84,14.62,15.22,6.06,248242218
Jul 16 2007,14.17,14.73,13.52,14.62,5.83,145210636
Jul 9 2007,14.44,14.66,13.84,14.17,5.65,118022702
Jul 2 2007,15.19,15.74,13.38,14.26,5.68,184499876
Jun 25 2007,15.93,16.17,14.56,15.08,6.01,306914424
Jun 18 2007,17.25,17.59,15.44,15.84,6.20,393226604
Jun 11 2007,14.27,17.81,14.04,17.32,6.78,608408427
Jun 4 2007,15.42,15.73,12.35,14.27,5.59,426189043
May 28 2007,14.33,15.98,13.70,15.21,5.96,795466077
May 21 2007,13.69,14.86,13.55,14.00,5.48,371707210
May 14 2007,14.95,15.30,13.41,14.14,5.54,434644290
May 7 2007,15.09,16.22,14.44,15.34,6.01,259765704
Apr 30 2007,15.09,15.12,14.49,14.64,5.73,27848055
Apr 23 2007,14.94,15.91,14.48,14.67,5.74,196132944
Apr 16 2007,14.27,15.09,12.98,14.72,5.76,269790528
Apr 9 2007,13.38,14.64,13.37,14.27,5.59,276411358
Apr 2 2007,12.83,13.80,12.68,13.35,5.23,253807443
Mar 26 2007,13.52,13.81,12.45,12.80,5.01,232497158
Mar 19 2007,11.84,14.08,11.76,13.54,5.30,227813749
Mar 12 2007,12.00,12.65,11.52,12.25,4.80,207887206
Mar 5 2007,11.18,12.27,10.43,11.94,4.68,254057310
Feb 26 2007,12.45,12.89,10.31,11.18,4.38,204733404
Feb 19 2007,12.15,12.83,12.09,12.30,4.82,-
Feb 12 2007,10.78,12.83,10.66,12.30,4.82,226175342
Feb 5 2007,9.71,11.40,8.99,10.86,4.25,248194592
Jan 29 2007,10.56,11.45,9.54,9.74,3.81,311097187
Jan 22 2007,9.18,11.05,9.18,10.67,4.18,339653012
Jan 15 2007,8.21,9.17,8.17,9.11,3.57,263012680
Jan 8 2007,8.45,9.22,8.22,8.25,3.23,282480204
Jan 1 2007,7.87,8.86,7.85,8.45,3.31,198629733
Dec 25 2006,7.77,8.20,7.52,8.07,3.16,385092218
Dec 18 2006,8.08,8.54,7.75,7.83,3.07,287749629
Dec 11 2006,7.38,8.12,7.38,8.03,3.14,224329697
Dec 4 2006,7.12,8.09,7.08,7.47,2.92,419111510
Nov 27 2006,7.05,7.25,6.75,7.16,2.80,237661747
Nov 20 2006,6.87,7.13,6.76,7.05,2.76,344584823
Nov 13 2006,6.38,6.92,6.15,6.85,2.68,387915087
Nov 6 2006,6.32,6.76,6.29,6.39,2.50,357935350
Oct 30 2006,6.07,6.56,5.94,6.36,2.49,422696331
Oct 23 2006,6.00,6.30,5.92,6.09,2.38,235739982
Oct 16 2006,6.13,6.15,5.97,6.01,2.35,176256878
Oct 9 2006,6.33,6.46,6.08,6.12,2.40,135623879
Oct 2 2006,6.22,6.36,6.20,6.27,2.46,-
Sep 25 2006,6.38,6.38,6.03,6.27,2.46,198998047
Sep 18 2006,6.57,6.70,6.25,6.38,2.50,382249764
Sep 11 2006,5.58,6.55,5.55,6.45,2.53,603254309
Sep 4 2006,5.61,5.69,5.52,5.57,2.18,131299713
Aug 28 2006,5.72,5.79,5.60,5.61,2.20,187356934
Aug 21 2006,5.48,5.76,5.45,5.70,2.23,153070596
